company,title,location,stipend,duration,requirements,apply_link,branch,modality,is_first_year,skills,viability_score
Microsoft,Microsoft Engage,Remote / Bengaluru,Mentorship + Swags,4 Weeks,Engineering students from all branches entering their 2nd year (target 1st years).,https://careers.microsoft.com/students/,General / Tech,Hybrid,Priority: 1st Year,"Web, AI/ML, Mobile",10
Google India,STEP Internship (Software Engineering),Bengaluru/Hyderabad,"₹1,00,000+",12 Weeks,1st/2nd Year B.Tech students from marginalized backgrounds or women in tech.,https://careers.google.com/students/,CS,In-Person,Priority: 1st Year,"Web, Backend",9
Amazon,Amazon Future Engineer Scholarship + Intern,Remote,"₹40,000+",8 Weeks,Woman students in 1st year of B.Tech/BE in CS and related branches.,https://www.amazonfutureengineer.in/,CS,Remote,Priority: 1st Year,"Data, Web",9
Fasal (Agri-Tech Startup),Frontend Development Intern,Bengaluru,"₹20,000",3-6 Months,Strong fundamentals in HTML/CSS/JS. Open to first-year enthusiasts with a portfolio.,https://fasal.co/careers.html,CS,In-Person,Priority: 1st Year,Web,8
Bharti Axa Life Insurance Company Limited,Human Resources (HR),Mumbai,"₹ 15,000 - 20,000 /month",3 Months,"We are looking for a proactive and detail-oriented HR Intern to support our HR and Compliance team. This internship is ideal for freshers or students who want hands-on experience in HR operations, com...",https://internshala.com/internship/detail/human-resources-hr-internship-in-mumbai-at-bharti-axa-life-insurance-company-limited1775113759,CS,In-Person,Priority: 1st Year,Backend,8
Pawzz Foundation,Volunteering,Work from home,"₹ 1,500 - 15,000 /month",1 Month,"Volunteering at Pawzz is more than a contribution of time- it’s an immersion into the craft of creating impact through connection. Over 15,000 interns have walked this path, leaving not just with rich...",https://internshala.com/internship/detail/work-from-home-part-time-volunteering-internship-at-pawzz-foundation1776313825,CS,Remote,Standard Role,General,6
Edify Equity,Finance Equity Analyst,Work from home,"₹ 1,000 - 1,100 /month",1 Month,"1. Conduct fundamental analysis of companies, industries, and sectors.
2. Track market trends, economic indicators, and news that impact equity markets.
3. Assist in preparing equity research report...",https://internshala.com/internship/detail/work-from-home-part-time-finance-equity-analyst-internship-at-edify-equity1776335830,Finance/Economics,Remote,Standard Role,Finance,6
Edify Equity,Finance Research Analyst,Work from home,"₹ 1,000 - 1,100 /month",1 Month,"1. Assist in creating detailed reports for buy/hold/sell recommendations.
2. Help in tracking portfolio performance.
3. Collect, analyze, and interpret financial data from companies, sectors, and in...",https://internshala.com/internship/detail/work-from-home-finance-research-analyst-internship-at-edify-equity1776430378,CS,Remote,Standard Role,Finance,6
ConsultBae,AI Dogri Trainer,Work from home,"₹ 5,000 - 8,000 /month",6 Months,"We are hiring an AI Dogri trainer intern to support internal processes focused on improving the performance and accuracy of AI systems used within the organization.



1. Review AI-generated outpu...",https://internshala.com/internship/detail/work-from-home-ai-dogri-trainer-internship-at-consultbae1776312169,CS,Remote,Standard Role,General,6
ConsultBae,AI Sanskrit Trainer,Work from home,"₹ 5,000 - 8,000 /month",6 Months,We are looking for an AI Sanskrit trainer intern who will work on improving AI systems by enhancing their understanding of regional languages. This role is directly with our organization and involves ...,https://internshala.com/internship/detail/work-from-home-ai-sanskrit-trainer-internship-at-consultbae1776256552,CS,Remote,Standard Role,General,6
ConsultBae,AI Konkani Trainer,Work from home,"₹ 5,000 - 8,000 /month",6 Months,We are looking for an AI language trainer intern to work on improving the quality and accuracy of AI-generated content across multiple regional languages. This internship is directly with our organiza...,https://internshala.com/internship/detail/work-from-home-ai-konkani-trainer-internship-at-consultbae1776312387,CS,Remote,Standard Role,General,6
Job Mantra,Human Resources (HR),Patna,"₹ 7,500 - 30,000 /month",3 Months,"1. Call candidates & explain job opportunities
2. Screen & shortlist candidates
3. Schedule interviews
4. Guide candidates for banking programs
5. Maintain & update data in CRM...",https://internshala.com/internship/detail/human-resources-hr-internship-in-patna-at-job-mantra1776581827,CS,In-Person,Standard Role,General,6
Europ Assistance,Graphic Design,Mumbai,"₹ 5,000 - 10,000 /month",3 Months,"Job Description 
Graphic Designer Intern
Role Overview
We are seeking a creative and detail-oriented Graphic Designer Intern for a 3-month internship to join our design team. The intern will assist...",https://internshala.com/internship/detail/graphic-design-internship-in-mumbai-at-europ-assistance1776420719,CS,In-Person,Standard Role,General,6
WWF-India,Cold Calling & Secondary Research,Delhi (Hybrid),Unpaid,2 Months,"1. Cold calling: Outreach calling.
2. Database management: Organizing contact records with detailing.
3. Secondary research: Reviewing public sources for researching information....",https://internshala.com/internship/detail/cold-calling-secondary-research-internship-in-delhi-at-wwf-india1776243844,CS,Hybrid,Standard Role,General,6
V5 Global,Recruitment Consultant,Delhi (Hybrid),"₹ 4,000 - 7,000 /month",3 Months,"1. Screening
2. Data management 
3. Interview coordination...",https://internshala.com/internship/detail/recruitment-consultant-internship-in-delhi-at-v5-global1776147001,General / Tech,Hybrid,Standard Role,General,6
T.I.M.E.,Telecaller Cum Admin Executive,Nagpur,"₹ 8,000 - 10,000 /month",2 Months,"1. Maintaining records of materials, students, and attendance.
2. Following up on enquiries and balance fees.
3. Coordinating with faculties.
4. Telecalling and counseling students and parents....",https://internshala.com/internship/detail/part-time-telecaller-cum-admin-executive-internship-in-nagpur-at-time1776146131,CS,In-Person,Standard Role,General,6
Fitelo,Customer Service/Customer Support,Mohali (Hybrid),"₹ 13,000 - 15,000 /month",3 Months,"1.Handle customer calls, chats & messages
2.Collect & manage customer feedback
3.Mantain records & follow-ups...",https://internshala.com/internship/detail/customer-service-customer-support-internship-in-mohali-at-fitelo1776065874,CS,Hybrid,Standard Role,General,6
P&M,Social Media & Content,Gurgaon,"₹ 8,000 - 10,000 /month",6 Months,"1. Shoot and create engaging video content for digital platforms
2. Edit videos using tools such as CapCut, InShot, or Adobe Premiere Pro
3. Add subtitles, transitions, background music, and jump cu...",https://internshala.com/internship/detail/social-media-content-internship-in-gurgaon-at-p-m1776054396,CS,In-Person,Standard Role,General,6
VIZON,Business Strategy,"Dehradun, Delhi, Bangalore","₹ 8,000 - 16,000 /month",4 Months,"VIZON is seeking a Business Strategy intern with English proficiency, strong research and analytics skills, knowledge of Microsoft tools, Google Docs, Finance, Human Resource Management and basic Desi...",https://internshala.com/internship/detail/business-strategy-internship-in-multiple-locations-at-vizon1775788136,CS,In-Person,Standard Role,Data,6
Style Fashions,Cinematography,Delhi,"₹ 7,000 - 10,000 /month",5 Months,Are you a creative and passionate individual with a keen eye for style and fashion? We are seeking a talented cinematography intern to join our dynamic team at Style Fashions. This is a unique opportu...,https://internshala.com/internship/detail/cinematography-internship-in-delhi-at-style-fashions1775651340,CS,In-Person,Standard Role,General,6
Kanha Creation,Content & E-Commerce Management,Delhi (Hybrid),"₹ 4,100 - 7,000 /month",3 Months,"1.Creating and managing product catalogs including images, descriptions, specifications, and pricing details
2.Preparing and maintaining Excel sheets for SKUs, product data, and inventory tracking
3...",https://internshala.com/internship/detail/content-e-commerce-management-internship-in-delhi-at-kanha-creation1775631968,CS,Hybrid,Standard Role,"Data, Finance",6
VIZON,UX/UI Design,Work from home,"₹ 13,000 - 22,000 /month",3 Months,"1. Designing aesthetically pleasing user interfaces and user experiences
2. Collaborating with the design and engineering teams to create solutions
3. Providing feedback on designs and design option...",https://internshala.com/internship/detail/work-from-home-ux-ui-design-internship-at-vizon1775623178,General / Tech,Remote,Standard Role,General,6
VIZON,Embedded Systems,Work from home,"₹ 14,000 - 22,000 /month",4 Months,"The selected intern would work on brainstorming, prototyping & programming Microcontrollers & Microprocessors for consumer electronic products.

You can visit our website https://vizon.tech...",https://internshala.com/internship/detail/work-from-home-embedded-systems-internship-at-vizon1775608275,CS,Remote,Standard Role,Hardware,6
VIZON,Backend Development,Work from home,"₹ 11,000 - 17,000 /month",3 Months,"1. Collaborating with the development team to design and implement backend solutions for web applications
2. Writing clean and efficient code while adhering to best practices and coding standards
3....",https://internshala.com/internship/detail/work-from-home-backend-development-internship-at-vizon1775608222,CS,Remote,Standard Role,General,6
VIZON,Front End Development,Work from home,"₹ 12,000 - 20,000 /month",3 Months,"VIZON is seeking a dynamic and talented Front End Development intern to join our innovative team. If you have a passion for JavaScript, CSS, HTML, and UI/UX design, this is the perfect opportunity for...",https://internshala.com/internship/detail/work-from-home-front-end-development-internship-at-vizon1775608135,CS,Remote,Standard Role,Web,6
VIZON,Business Development (Sales),Work from home,"₹ 11,000 - 21,000 /month",3 Months,Are you a dynamic and driven individual with a passion for sales and business development? We are thrilled to offer an exciting opportunity for a Business Development (Sales) intern at VIZON! Join our...,https://internshala.com/internship/detail/work-from-home-business-development-sales-internship-at-vizon1775608093,CS,Remote,Standard Role,"Data, Finance",6
VIZON,Finance,Work from home,"₹ 11,900 - 21,000 /month",3 Months,"1. Assist in preparing financial reports, budgets, and forecasts, ensuring accuracy and adherence to company standards
2. Conduct in-depth financial analysis to identify trends, risks, and opportunit...",https://internshala.com/internship/detail/work-from-home-finance-internship-at-vizon1775608058,CS,Remote,Standard Role,General,6
VIZON,Creative Writing,Work from home,"₹ 11,000 - 21,000 /month",3 Months,"1. Collaborate with the content team to develop engaging and imaginative written content
2. Assist in brainstorming and creating original concepts for various mediums, including articles, blog posts,...",https://internshala.com/internship/detail/work-from-home-creative-writing-internship-at-vizon1775608000,CS,Remote,Standard Role,General,6
VIZON,Artificial Intelligence (AI),Work from home,"₹ 13,000 - 21,000 /month",3 Months,"Selected intern's day-to-day responsibilities include utilizing Python & C++ with multiple Libraries to build AI algorithms, computer vision detection programs, and machine learning models....",https://internshala.com/internship/detail/work-from-home-artificial-intelligence-ai-internship-at-vizon1775607953,CS,Remote,Standard Role,AI/ML,6
Arihant Publications,Customer Service/Customer Support,Noida,"₹ 12,000 - 15,000 /month",3 Months,"Join Arihant Publications as a Human Resource and Client Management Intern. You will support recruitment efforts, maintain client relationships, and provide exceptional customer support to our partner...",https://internshala.com/internship/detail/customer-service-customer-support-internship-in-noida-at-arihant-publications1775553927,CS,In-Person,Standard Role,General,6
Shunya Digital,Digital Marketing,Work from home,"₹ 3,100 - 7,000 /month",6 Months,"Are you passionate about digital marketing and looking to gain hands-on experience in the field? Shunya Digital is seeking a dynamic Digital Marketing intern to join our fast-paced team. As an intern,...",https://internshala.com/internship/detail/work-from-home-digital-marketing-internship-at-shunya-digital1775505588,CS,Remote,Standard Role,General,6
Shunya Digital,Graphic Design,Work from home,"₹ 4,100 - 12,000 /month",6 Months,"We are looking for a talented Graphic Design intern to join our team at Shunya Digital. If you are a creative individual with a passion for design and a strong skill set in Adobe Photoshop, CorelDRAW,...",https://internshala.com/internship/detail/work-from-home-graphic-design-internship-at-shunya-digital1775505173,CS,Remote,Standard Role,General,6
Tanya Uttrani,Videographer & Video Editor,Bangalore (Hybrid),"₹ 20,000 - 25,000 /month",6 Months,"1. Shooting and editing high-quality video content
2. Working across social media, ads & internal projects
3. Collaborating with teams to turn ideas into visuals
4. Managing quick turnarounds in a ...",https://internshala.com/internship/detail/part-time-videographer-video-editor-internship-in-bangalore-at-tanya-uttrani1775472228,General / Tech,Hybrid,Standard Role,General,6
VIZON,Web Development,"Dehradun, Bangalore","₹ 12,000 - 20,000 /month",4 Months,"We are looking for a talented Full Stack Development intern to join our team at VIZON. If you are passionate about creating innovative solutions and have a strong foundation in HTML, CSS, JavaScript, ...",https://internshala.com/internship/detail/web-development-internship-in-multiple-locations-at-vizon1775221357,CS,In-Person,Standard Role,"Web, Backend",6
VIZON,Game Development,Work from home,"₹ 15,000 - 20,000 /month",3 Months,"1. Working on an XR (AR/VR) interface in Unity.
2. Developing multiple interactive apps.
3. Creating widgets.
4. Designing AR/VR games....",https://internshala.com/internship/detail/work-from-home-game-development-internship-at-vizon1775220935,CS,Remote,Standard Role,General,6
VIZON,CAD Design,"Dehradun, Bangalore","₹ 11,000 - 20,000 /month",3 Months,"1. Brainstorming & designing CAD for futuristic consumer electronic products
2. Designing & slicing the models for 3D printing
3. Optimizing & enhancing existing 3D mechanical designs for production...",https://internshala.com/internship/detail/cad-design-internship-in-multiple-locations-at-vizon1775220493,CS,In-Person,Standard Role,General,6
VIZON,Graphic Design,Work from home,"₹ 10,500 - 20,000 /month",3 Months,"1. Collaborate with our design team to create engaging and visually appealing graphics for various platforms
2. Assist in developing UI & UX designs that align with our brand identity and enhance use...",https://internshala.com/internship/detail/work-from-home-graphic-design-internship-at-vizon1775220347,CS,Remote,Standard Role,General,6
Scaler Academy,Video Editing/Making,Bangalore (Hybrid),"₹ 20,000 - 25,000 /month",4 Months,"Key Responsibility Areas (KRAs): 
Plan, shoot, and edit high-quality video content aligned with brand guidelines and campaign objectives. 
Collaborate with internal teams to understand content requi...",https://internshala.com/internship/detail/video-editing-making-internship-in-bangalore-at-scaler-academy1775135988,CS,Hybrid,Standard Role,AI/ML,6
Shunya Digital,Search Engine Optimization (SEO),Work from home,"₹ 3,500 - 5,001 /month",6 Months,"Are you a digital marketing whiz with a passion for SEO and social media? Shunya Digital is seeking a talented SEO intern to join our dynamic team! If you have experience with Google Analytics, SEM, A...",https://internshala.com/internship/detail/work-from-home-search-engine-optimization-seo-internship-at-shunya-digital1775116911,CS,Remote,Standard Role,Data,6
VIZON,3D Designer,Dehradun,"₹ 12,000 - 21,000 /month",4 Months,"Are you a talented 3D Designer looking to kickstart your career in the world of virtual reality? Join our team at VIZON, where innovation and creativity collide to create immersive experiences like ne...",https://internshala.com/internship/detail/3d-designer-internship-in-dehradun-at-vizon1775102608,CS,In-Person,Standard Role,AI/ML,6
VIZON,Data Analytics,Work from home,"₹ 10,000 - 17,000 /month",3 Months,"1. Assist in collecting, cleaning, and analyzing large datasets to extract valuable insights for decision-making purposes
2. Collaborate with cross-functional teams to identify business challenges an...",https://internshala.com/internship/detail/work-from-home-data-analytics-internship-at-vizon1775052817,CS,Remote,Standard Role,"AI/ML, Data",6
Shunya Digital,Video Editing/Making,Work from home,"₹ 5,500 - 7,001 /month",6 Months,"Are you passionate about video editing and creating captivating visual content? Do you have experience with Adobe Photoshop, Premiere Pro, After Effects, DaVinci Resolve, Final Cut Pro, and video maki...",https://internshala.com/internship/detail/work-from-home-video-editing-making-internship-at-shunya-digital1775039261,CS,Remote,Standard Role,General,6
VIZON,Linux Engineer,Dehradun,"₹ 12,000 - 23,000 /month",4 Months,"As a software development intern at VIZON, you will have the exciting opportunity to work with cutting-edge technologies like XR, AI, and cloud computing. Your role requires knowledge of AWS, Bash, Li...",https://internshala.com/internship/detail/linux-engineer-internship-in-dehradun-at-vizon1774931353,CS,In-Person,Standard Role,"AI/ML, Backend",6
VIZON,Animation,Dehradun,"₹ 14,000 - 26,000 /month",4 Months,"As an Animation Intern at VIZON, you will have the opportunity to work on exciting projects and gain hands-on experience in the world of animation. If you have a passion for Adobe After Effects, Adobe...",https://internshala.com/internship/detail/animation-internship-in-dehradun-at-vizon1774908772,CS,In-Person,Standard Role,General,6
Pulse Pharmaceuticals,B. Pharmacy,Hyderabad,"₹ 15,000 - 20,000 /month",6 Months,"Selected intern's day-to-day responsibilites include:

1. Research & Content: Utilize Internet/Media platforms to gather information on pharmaceutical trends, drug data, and medical updates.
2. Dat...",https://internshala.com/internship/detail/b-pharmacy-internship-in-hyderabad-at-pulse-pharmaceuticals1774870658,CS,In-Person,Standard Role,"Data, Finance",6
Moe Puppy,Sales,Gurgaon (Hybrid),"₹ 10,100 - 25,000 /month",4 Months,"1. Sell our products to customers by explaining.
2. Willing to explore new things.
3. Provide new ideas to improve sales....",https://internshala.com/internship/detail/sales-internship-in-gurgaon-at-moe-puppy1775466586,CS,Hybrid,Standard Role,General,6
Sanrish Technologies,General Management,Noida,"₹ 5,000 - 5,001 /month",4 Months,"1. Itinerary Preparation
2. Research on Google 
3. Maintaining Data...",https://internshala.com/internship/detail/general-management-internship-in-noida-at-sanrish-technologies1776251882,CS,In-Person,Standard Role,General,6
THEFINANSOL,Front End Development,Delhi,"₹ 9,000 - 11,000 /month",6 Months,"1. Read existing codes from on-going projects - understand, make notes
2. Make changes, additions to the current projects
3. Work on new projects
4. Development will include - frontend development ...",https://internshala.com/internship/detail/front-end-development-internship-in-delhi-at-thefinansol1776249548,CS,In-Person,Standard Role,Web,6
Reelax,Influencer Marketing,Noida,"₹ 7,000 - 10,000 /month",3 Months,"Are you a social media savvy individual with a passion for Influencer Marketing? Do you have excellent communication and interpersonal skills? If so, Reelax is looking for you to join our team as an I...",https://internshala.com/internship/detail/influencer-marketing-internship-in-noida-at-reelax1776164163,CS,In-Person,Standard Role,"Data, Finance",6
Santa India,Human Resources (HR),Delhi,"₹ 18,000 - 25,000 /month",6 Months,"1. Sourcing candidates according to the job description.
2. Implementing social media marketing strategies on platforms such as LinkedIn to attract potential candidates.
3. Coordinating recruitment ...",https://internshala.com/internship/detail/human-resources-hr-internship-in-delhi-at-santa-india1776317891,General / Tech,In-Person,Standard Role,General,6
Tishva,Business Development,Delhi (Hybrid),"₹ 10,000 - 15,000 /month",3 Months,"1. Coordinate with factories and follow up on completion of assigned tasks
2. Communicate with the social media team to ensure smooth execution of content and campaign-related work
3. Coordinate wit...",https://internshala.com/internship/detail/business-development-internship-in-delhi-at-tishva1776341708,CS,Hybrid,Standard Role,General,6
Bloom Hotels,Human Resources (HR),Delhi,"₹ 8,000 - 12,000 /month",6 Months,"1. Assist in scheduling and coordinating L&D programs (virtual/in-person), including calendar invites, room bookings, and trainer communication.
2. Update and maintain training records, attendance lo...",https://internshala.com/internship/detail/human-resources-hr-internship-in-delhi-at-bloom-hotels1776328092,CS,In-Person,Standard Role,General,6
Creatorshala,Videography,"Faridabad, Delhi, Ghaziabad, Gurgaon, Noida (Hybrid)","₹ 15,000 - 18,000 /month",6 Months,"• Shoot, edit, and produce high-quality videos for YouTube videos, reels, and other social media content.
• Collaborate with the marketing and design teams to visualize and execute creative video con...",https://internshala.com/internship/detail/videography-internship-in-multiple-locations-at-creatorshala1776270963,CS,Hybrid,Standard Role,General,6
MS Realtors,Search Engine Optimization (SEO),Gurgaon (Hybrid),"₹ 5,000 - 6,000 /month",3 Months,"1. Conduct keyword research using tools like Google Keyword Planner, Ahrefs, or SEMrush
2. Optimize website content, blogs, and landing pages for search engines
3. Assist in on-page SEO (meta tags, ...",https://internshala.com/internship/detail/search-engine-optimization-seo-internship-in-gurgaon-at-mohamed-sarfaraz1776307995,CS,Hybrid,Standard Role,Data,6
Bauer Bodoni,Human Resources (HR),Faridabad,"₹ 3,000 - 7,500 /month",6 Months,"Are you a student looking to gain hands-on experience in the field of Human Resources? Look no further! Bauer Bodoni is seeking a motivated HR intern who is proficient in MS-Office, MS-Word, and MS-Ex...",https://internshala.com/internship/detail/human-resources-hr-internship-in-faridabad-at-bauer-bodoni1776251893,CS,In-Person,Standard Role,"Data, Finance",6
Movio Technologies,Business Operations,Delhi,"₹ 10,000 - 12,000 /month",3 Months,"1. Source and onboard vendors for supply chain and operational needs
2. Build and manage partnerships with dealerships and ecosystem players
3. Handle client onboarding and coordinate with internal ...",https://internshala.com/internship/detail/business-operations-internship-in-delhi-at-movio-technologies1776419510,CS,In-Person,Standard Role,General,6
Argmac,Performance Marketing,"Delhi, Gurgaon","₹ 10,000 - 15,000 /month",6 Months,"1. Assist in running and monitoring Meta (Instagram/Facebook) and Google ad campaigns
2. Research target audience, who buys luxury pool tables and home bars, and where they are
3. Help create ad cop...",https://internshala.com/internship/detail/performance-marketing-internship-in-multiple-locations-at-argmac1776163323,CS,In-Person,Standard Role,General,6
StoryMirror Infotech Private Limited,Graphic Design,Mumbai,"₹ 8,000 - 12,000 /month",3 Months,"1. Performing graphic design-related work.
2. Supporting the design head with images and video editing.
3. Designing physical book covers, AI videos, and audio modulation....",https://internshala.com/internship/detail/graphic-design-internship-in-mumbai-at-storymirror-infotech-private-limited1776256296,CS,In-Person,Standard Role,General,5
Katalyst Software Services Limited,Human Resources (HR),Pune,"₹ 5,000 - 8,000 /month",6 Months,"HR intern will be responsible for administrative tasks in the HR department, including updating records, documentation, and employee engagement activities. They will assist in maintaining employee dat...",https://internshala.com/internship/detail/human-resources-hr-internship-in-pune-at-katalyst-software-services-limited1776258461,CS,In-Person,Standard Role,"Data, Finance",5
Indifi Technologies Private Limited,Company Secretary (CS),Gurgaon,"₹ 10,000 - 15,000 /month",6 Months,"1. Work on legal research and legal document preparation
2. Assist with legal consulting, and provide support to the legal department with daily tasks
3. Collaborate closely with other members of th...",https://internshala.com/internship/detail/company-secretary-cs-internship-in-gurgaon-at-indifi-technologies-private-limited1776251021,CS,In-Person,Standard Role,General,5
CavinKare Private Limited,Digital Marketing,Chennai,"₹ 5,000 - 10,000 /month",3 Months,"Video Editing & Content Creation

Edit short-form videos for Instagram Reels, YouTube Shorts, and WhatsApp for pet care tips, hospital services, and client testimonials Add subtitles, transitions, m...",https://internshala.com/internship/detail/digital-marketing-internship-in-chennai-at-cavinkare-private-limited1776421879,CS,In-Person,Standard Role,General,5
Paracoat Products Limited,AI Operations,Gurgaon,"₹ 20,000 - 30,000 /month",3 Months,Paracoat Products Ltd. is a manufacturing organization focused on improving business operations through the practical application of AI. The company aims to redefine how teams work by identifying inef...,https://internshala.com/internship/detail/ai-operations-internship-in-gurgaon-at-paracoat-products-limited1776313810,CS,In-Person,Standard Role,Mobile,5
Polar Lifestyle Pvt Ltd,Social Media Marketing,Mumbai,"₹ 17,000 - 27,500 /month",1 Month,"1. Shooting video content for the brand
2. Editing and posting content
3. Collaborating with influencers...",https://internshala.com/internship/detail/social-media-marketing-internship-in-mumbai-at-polar-lifestyle-pvt-ltd1776167924,General / Tech,In-Person,Standard Role,General,5
Paracoat Products Limited,Sales,Gurgaon,"₹ 15,000 - 15,001 /month",3 Months,"Paramat is a fast-growing Indian brand in the automotive aftermarket industry, specializing in soundproofing solutions. With a strong presence in lakhs of cars annually and exports to over 20 countrie...",https://internshala.com/internship/detail/sales-internship-in-gurgaon-at-paracoat-products-limited1776167058,CS,In-Person,Standard Role,General,5
Rebel Foods Private Limited,Purchase Order Operations,Mumbai,"₹ 15,000 - 25,000 /month",6 Months,"1. Purchase order punching
2. Preparing dashboards related to the punched PO orders...",https://internshala.com/internship/detail/purchase-order-operations-internship-in-mumbai-at-rebel-foods-private-limited1776164249,MANUFACTURING,In-Person,Standard Role,General,5
Haldiram Foods International Private Limited,Hotel Management (Operations),Bangalore,"₹ 5,500 - 8,000 /month",3 Months,"1.guest handling 
2.customer service & billing 
3.operations...",https://internshala.com/internship/detail/part-time-hotel-management-operations-internship-in-bangalore-at-haldiram-foods-international-private-limited1776147107,MANUFACTURING,In-Person,Standard Role,General,5
Greater Than Educational Technologies,Graphic Designer,Hyderabad,"₹ 10,000 - 15,000 /month",3 Months,Are you a talented graphic designer looking to gain real-world experience in the education technology industry? Join Greater Than Educational Technologies as our Graphic Designer intern and showcase y...,https://internshala.com/internship/detail/graphic-designer-internship-in-hyderabad-at-greater-than-educational-technologies1776071354,CS,In-Person,Standard Role,Finance,5
Seeds Fincap Private Limited,Graphic Design,Gurgaon,"₹ 2,000 - 10,000 /month",3 Months,"As a Graphic Design intern at Seeds Fincap Private Limited, you will have the opportunity to showcase your creativity and skills in Adobe Photoshop, video editing, and Adobe Creative Suite. Join our d...",https://internshala.com/internship/detail/graphic-design-internship-in-gurgaon-at-seeds-fincap-private-limited1775821117,CS,In-Person,Standard Role,General,5
Sanspreils Greenlands Private Limited,Retail,Gurgaon,"₹ 8,000 - 15,000 /month",3 Months,"1. Assist in range planning, assortment building, and allocation planning.
2. Track inventory, sales performance, and replenishment.
3. Coordinate with sourcing, design, warehouse, and retail outlet...",https://internshala.com/internship/detail/retail-internship-in-gurgaon-at-sanspreils-greenlands-pvt-ltd1775749072,CS,In-Person,Standard Role,General,5
Angel One (AP),Client Acquisition,Work from home,"₹ 1,000 - 20,000 /month",1 Month,"1. Participating in webinars to gain knowledge about the stock market, including equities, futures, and options.
2. Identifying and reaching out to individuals interested in stock market investments....",https://internshala.com/internship/detail/work-from-home-part-time-client-acquisition-internship-at-angel-one-ap1775638520,CS,Remote,Standard Role,Finance,5
Novo Learning Private Limited,Telecalling,Bangalore,"₹ 25,000 - 40,000 /month",1 Month,Are you a skilled communicator with a passion for education? Join Novo Learning Private Limited as a Telecalling Intern and help us connect with our students! Your role will involve making outbound ca...,https://internshala.com/internship/detail/telecalling-internship-in-bangalore-at-novo-learning-private-limited1775623522,CS,In-Person,Standard Role,"Data, Finance",5
CareerNet Technologies Private Limited,Community Marketing,Bangalore (Hybrid),"₹ 15,000 - 20,000 /month",3 Months,"1. Supporting engagement on our Discord community and other digital channels
2. Drafting posts, announcements, and community messages
3. Assisting with social media content and campaign execution
4...",https://internshala.com/internship/detail/community-marketing-internship-in-bangalore-at-careernet-technologies-private-limited1775544132,CS,Hybrid,Standard Role,General,5
SysTools Software Private Limited,Digital Marketing,Delhi,"₹ 10,000 - 15,000 /month",6 Months,"1. Write blogs, website content, and social media posts.
2. Assist in creating basic graphics using tools like Canva.
3. Perform keyword research using tools like Google Keyword Planner.
4. Optimiz...",https://internshala.com/internship/detail/digital-marketing-internship-in-delhi-at-systools-software-private-limited1775539775,CS,In-Person,Standard Role,Data,5
Web Glaze Services,Search Engine Optimization (SEO),Mohali,"₹ 4,000 - 5,000 /month",6 Months,"As a Search Engine Optimization (SEO) intern at Web Glaze Services, you will have the opportunity to work closely with our digital marketing team to enhance our online presence. Your knowledge of SEO,...",https://internshala.com/internship/detail/search-engine-optimization-seo-internship-in-mohali-at-shikha-sharma1775455271,CS,In-Person,Standard Role,Data,5
PATEL ENGINEERING COMPANY,Digital Marketing,"Pune, Pimpri-Chinchwad","₹ 5,000 - 10,000 /month",6 Months,"1. Manage social media marketing activities across platforms.
2. Execute search engine optimisation strategies to improve online visibility.
3. Design marketing collateral aligned with brand guideli...",https://internshala.com/internship/detail/digital-marketing-internship-in-multiple-locations-at-patel-engineering-company1775448891,General / Tech,In-Person,Standard Role,General,5
Ampersand Group: Vibgyor Group Of Schools,Curriculum Developer - English/EVS/History/Hindi,Mumbai,"₹ 15,000 - 20,000 /month",6 Months,"Selected intern's day-to-day responsibilites include:

A. Academic Frameworks Development:
1. Researching and analyzing curriculum mandates and academic requirements of assigned educational boards ...",https://internshala.com/internship/detail/curriculum-developer-english-evs-history-hindi-internship-in-mumbai-at-ampersand-group-vibgyor-group-of-schools1775197663,CS,In-Person,Standard Role,AI/ML,5
Community Action Through Motivation Program,Human Resources (HR),Bhopal,"₹ 3,000 /month",2 Months,"Are you a proactive, detail-oriented individual with a passion for HR and community service? We are seeking a motivated 'HR Intern' to join our team at Community Action Through Motivation Program! As ...",https://internshala.com/internship/detail/human-resources-hr-internship-in-bhopal-at-community-action-through-motivation-program1775192825,CS,In-Person,Standard Role,General,5
Viacom India LLP,Assistance Director (Video Ads & TV Advertising),"Delhi, Gurgaon","₹ 5,000 - 7,000 /month",6 Months,"1. Collaborate closely with a diverse team of creatives, including writers, ad film directors, art directors, video producers, video editors, and designers.
2. Suggest content properties and ideas fo...",https://internshala.com/internship/detail/assistance-director-video-ads-tv-advertising-internship-in-multiple-locations-at-viacom-india-llp1775192494,CS,In-Person,Standard Role,General,5
FileSure India Private Limited,Tech Support & Operations,Work from home,"₹ 5,000 - 10,000 /month",6 Months,"You'll be the technical backbone of FileSure's support and operations function — resolving product bugs, fixing stuck orders and invoices, executing custom data processing pipelines, and closing ticke...",https://internshala.com/internship/detail/work-from-home-tech-support-operations-internship-at-filesure-india-private-limited1775120738,CS,Remote,Standard Role,"Web, AI/ML, Backend",5
Viacom India LLP,Business Development (Sales),Gurgaon,"₹ 7,000 - 10,000 /month",6 Months,"As a Business Development (Sales) intern at Viacom India LLP, you will have the exciting opportunity to work with a dynamic team in the entertainment industry. Your key responsibilities will include:...",https://internshala.com/internship/detail/business-development-sales-internship-in-gurgaon-at-viacom-india-llp1775104580,CS,In-Person,Standard Role,"Data, Finance",5
Anderson Diagnostics And Lab,Marketing,Chennai,"₹ 10,000 - 12,000 /month",6 Months,"1 .Field Marketing: Drive revenue by building relationships with local GPs, specialists, clinics, and corporate clients to increase referrals.

2.B2B & Corporate Relations: Meet with companies to es...",https://internshala.com/internship/detail/marketing-internship-in-chennai-at-anderson-diagnostics-and-lab1775023965,MECH,In-Person,Standard Role,General,5
CK Birla Healthcare Private Limited,Community Management,Gurgaon,"₹ 18,000 - 20,000 /month",6 Months,"Selected intern's day-to-day responsibilites include:

1. Engaging across Reddit, Instagram, and Quora.
2. Answering comments, threads, and DMs.
3. Tracking conversations and trends.
4. Building ...",https://internshala.com/internship/detail/community-management-internship-in-gurgaon-at-ck-birla-healthcare-private-limited1774982350,General / Tech,In-Person,Standard Role,General,5
Vindhya E Infomedia Private Limited,Recruitment,Bangalore,"₹ 5,000 - 8,000 /month",1 Month,"1. Sourcing candidates on job portals
2. Calling the candidates and briefing about the JD
3. Scheduling interviews...",https://internshala.com/internship/detail/recruitment-internship-in-bangalore-at-vindhya-e-infomedia-private-limited1774973727,General / Tech,In-Person,Standard Role,General,5
Vaibhav Global Limited,Video Editing/Making,Jaipur,"₹ 12,000 - 14,000 /month",6 Months,"1. Plan, shoot, and edit video content for social media, marketing campaigns, product launches, and internal communications.
2. Collaborate with the marketing, product, and design teams to develop co...",https://internshala.com/internship/detail/video-editing-making-internship-in-jaipur-at-vaibhav-global-limited1774935730,CS,In-Person,Standard Role,General,5
Katalyst Software Services Limited,Content Writing,Pune,"₹ 7,000 - 1,00,001 /month",3 Months,"Are you a creative wordsmith with a passion for all things content writing? Do you have a knack for crafting engaging blog posts and optimizing them for SEO? If so, we have the perfect opportunity for...",https://internshala.com/internship/detail/content-writing-internship-in-pune-at-katalyst-software-services-limited1774606414,CS,In-Person,Standard Role,General,5
M S SHARMA & CO,Accounting,Faridabad,"₹ 5,000 - 6,000 /month",6 Months,Are you a savvy accounting student looking to kickstart your career in a dynamic and fast-paced environment? Look no further than M S SHARMA & CO! We are seeking a talented Accounting Intern who is we...,https://internshala.com/internship/detail/accounting-internship-in-faridabad-at-m-s-sharma-co1775024537,CS,In-Person,Standard Role,"Data, Backend, Finance",5
Eyep Techproducts Private Limited,Business Development (Sales),Delhi (Hybrid),"₹ 18,000 - 30,000 /month",3 Months,"1. Plan offline and online campaign for Tija and ekegel 
2. Meet potential partners ( Doctor / specialists to explain the product  
3. Plan and execute road shows...",https://internshala.com/internship/detail/business-development-sales-internship-in-delhi-at-eyep-techproducts-private-limited1776152652,CS,Hybrid,Standard Role,General,5
Feetinch Studio LLP,Architecture,Gurgaon,"₹ 10,000 - 12,000 /month",6 Months,"1. Working on architecture drafting.
2. Working on 3D rendering.
3. Working on client representation.
4. Handling the interior work....",https://internshala.com/internship/detail/architecture-internship-in-gurgaon-at-feetinch-studio-llp1776255261,CIVIL,In-Person,Standard Role,General,5
Applicate IT Solutions Private Limited,Talent Acquisition,Gurgaon,"₹ 30,000 - 45,000 /month",3 Months,"Selected Intern's day-to-day responsibilities include: 

1. Assist in end-to-end recruitment using the latest AI tools are software available.
2. Coordinate interviews & feedback collection
3. Mai...",https://internshala.com/internship/detail/talent-acquisition-internship-in-gurgaon-at-applicate-it-solutions-private-limited1776315897,CS,In-Person,Standard Role,General,5
Impact Digital Services Private Limited,Sales,Delhi,"₹ 10,000 - 15,000 /month",3 Months,1. Manage the conversion process of prospects and convert them into paying customers for digital and travel services....,https://internshala.com/internship/detail/sales-internship-in-delhi-at-impact-digital-services-private-limited1776161920,CHEM,In-Person,Standard Role,General,5
On Fleek Living,Interior Design,Delhi (Hybrid),"₹ 9,500 - 12,500 /month",4 Months,"1. Develop creative and functional interior design concepts.
2. Create 2D drawings, layouts, and technical plans using AutoCAD.
3. Develop 3D models and detailed visualizations.
4. Ability to use A...",https://internshala.com/internship/detail/interior-design-internship-in-delhi-at-on-fleek-living1776186957,CS,Hybrid,Standard Role,General,5
Trifecta Records LLP,Photography,Delhi (Hybrid),"₹ 1,500 - 3,250 /week",2 Weeks,"We are looking for a highly motivated, visually-driven Creative Media Intern to join our studio for a fast-paced, two-week residency. This role is designed for a storyteller who can capture the energy...",https://internshala.com/internship/detail/photography-internship-in-delhi-at-trifecta-records-llp1776158702,CS,Hybrid,Standard Role,Finance,5
Academy Of Event Planning,Sales and Marketing,Delhi,"₹ 6,000 - 8,000 /month",4 Months,"-Assist in planning and executing social media marketing campaigns
-Manage and grow presence on platforms like Facebook and Instagram
-Run and optimize Instagram Ads and Facebook Marketing campaigns...",https://internshala.com/internship/detail/sales-and-marketing-internship-in-delhi-at-academy-of-event-planning1776578924,CS,In-Person,Standard Role,General,5
Thinkcloudly Private Limited,Digital Marketing,Noida,"₹ 12,000 - 15,000 /month",3 Months,"* Support Google Ads, Facebook Ads, and email marketing.
* Assist in digital marketing campaigns & social media management.
* Perform SEO optimization 
* Familiarity with Content Marketing & Analyt...",https://internshala.com/internship/detail/digital-marketing-internship-in-noida-at-thinkcloudly-private-limited1776259077,CS,In-Person,Standard Role,Data,5
NK–PWRC (Psychological Well-being & Resilience Centre),Front Desk Management,Gurgaon,"₹ 8,000 - 16,000 /month",6 Months,"1. Manage appointments, cancellations, and scheduling
2. Handle client inquiries (calls, WhatsApp, walk-ins)
3. Maintain confidentiality and client records
4. Coordinate with therapists/clinicians...",https://internshala.com/internship/detail/front-desk-management-internship-in-gurgaon-at-navneet-kaur1776167391,CS,In-Person,Standard Role,General,5
Gigde Global Solutions Private Limited,Social Media Marketing,Noida,"₹ 10,000 - 12,000 /month",6 Months,Are you a social media savvy individual with a passion for marketing and creativity? Gigde Global Solutions Private Limited is looking for a dynamic Social Media Marketing intern to join our team! As ...,https://internshala.com/internship/detail/social-media-marketing-internship-in-noida-at-gigde-global-solutions-private-limited1776335784,CS,In-Person,Standard Role,General,5
Academy Of Pastry And Culinary Arts Mumbai,Accounts,Gurgaon,"₹ 12,000 - 15,000 /month",6 Months,"1.Assist in maintaining financial records, including ledgers, invoices, and receipts
2.Support accounts payable and accounts receivable processes
3.Help prepare financial statements and reports
4.R...",https://internshala.com/internship/detail/accounts-internship-in-gurgaon-at-academy-of-pastry-and-culinary-arts-mumbai1776154755,CS,In-Person,Standard Role,General,5
JK Insurance Brokers Limited,Accounts,Noida,"₹ 15,000 - 20,000 /month",6 Months,"1. Assist in revenue booking, recognition, and reconciliation 
2. Support preparation and filing of TDS returns and GST returns 
3. Help in expense booking and accounting entries 
4. Perform day-to...",https://internshala.com/internship/detail/accounts-internship-in-noida-at-jk-insurance-brokers-limited1776163061,Finance/Economics,In-Person,Standard Role,General,5
ONergy Solar,Recruitment,Kolkata,"₹ 3,000 - 5,000 /month",4 Months,"Are you passionate about renewable energy and making a positive impact on the environment? Join ONergy Solar as a Recruitment intern and gain valuable experience in the solar industry! As an intern, y...",https://internshala.com/internship/detail/recruitment-internship-in-kolkata-at-onergy-solar1775546341,CS,In-Person,Standard Role,General,1
4C Consulting Private Limited,Business Research,Ahmedabad,"₹ 6,000 - 8,000 /month",6 Months,"Woodlink Interiors is a design-focused firm specializing in creating functional and aesthetically appealing interior spaces. The company works on both residential and commercial projects, combining cr...",https://internshala.com/internship/detail/business-research-internship-in-ahmedabad-at-4c-consulting-private-limited1776426565,CS,In-Person,Standard Role,General,1
Sentriscope Data Intelligence Private Limited,Operations Management,Lucknow,"₹ 8,000 - 10,000 /month",3 Months,"1. Manage their workload and collaborate with executives and operating partners across multiple channels.
 2. Work with the project manager to establish priorities, schedules, and deadlines for tasks...",https://internshala.com/internship/detail/operations-management-internship-in-lucknow-at-sentriscope-data-intelligence-private-limited1776317344,CS,In-Person,Standard Role,General,1
Evolve Back Resorts,Digital Marketing,Bangalore,"₹ 5,999 - 6,000 /month",6 Months,"1.Search Engine Optimization (SEO): Learning the art of ranking. You’ll assist with keyword research, metadata optimization, and content updates to boost our organic visibility. 
2. Social media: Cre...",https://internshala.com/internship/detail/digital-marketing-internship-in-bangalore-at-evolve-back-resorts1776337937,CS,In-Person,Standard Role,General,1
Pallonji’s,Business Development (Sales),Mumbai,"₹ 9,500 - 20,000 /month",4 Months,"1. Drive market and sales expansion across retail and HORECA channels
2. Manage sales pipeline and oversee lead generation and tracking
3. Conduct consumer and trend research to identify market oppo...",https://internshala.com/internship/detail/business-development-sales-internship-in-mumbai-at-pallonjis1776411006,CS,In-Person,Standard Role,General,1
Zebronics India Private Limited,Business Development (Sales),"Ahmedabad, Chandigarh, Delhi, Ghaziabad, Indore, Ludhiana, Lucknow, Patna, Pune, Hyderabad, Bhopal, Mumbai, Noida, Raipur, Nagpur","₹ 7,001 - 7,502 lump sum",6 Weeks,"Key Responsibilities:

1) Promote Zebronics Video Door Phones through on-ground sales activities
Visit societies, apartments, and commercial spaces for product demos and awareness
2) Generate lead...",https://internshala.com/internship/detail/business-development-sales-internship-in-multiple-locations-at-zebronics-india-private-limited1776318903,CS,In-Person,Standard Role,General,1
Shunya Digital,Business Development (Sales),Work from home,"₹ 3,099 - 5,000 /month",6 Months,Are you passionate about sales and digital marketing? Are you looking to kickstart your career in Business Development? Shunya Digital is looking for a dynamic Business Development (Sales) intern who ...,https://internshala.com/internship/detail/work-from-home-business-development-sales-internship-at-shunya-digital1776256619,CS,Remote,Standard Role,"Data, Finance",1
Paracoat Products Limited,Digital Marketing,Gurgaon,"₹ 15,000 /month",3 Months,"Paramat is a fast-growing Indian brand in the automotive aftermarket industry, specializing in soundproofing solutions. With a presence in lakhs of cars annually and exports to over 20 countries, the ...",https://internshala.com/internship/detail/digital-marketing-internship-in-gurgaon-at-paracoat-products-limited1776167801,CS,In-Person,Standard Role,General,1
Etikara,Content and Social Media Marketing,Lucknow (Hybrid),"₹ 10,000 - 12,000 /month",3 Months,"Etikara is an emerging premium D2C ethnic fashion label based in Lucknow. We design premium Indian wear, bringing accessible luxury to elegant and joyful celebrations. We are seeking a creative, disci...",https://internshala.com/internship/detail/part-time-content-and-social-media-marketing-internship-in-lucknow-at-etikara1776146633,CS,Hybrid,Standard Role,Finance,1
Gravita India Limited,Sales and Marketing,Jaipur,"₹ 10,000 /month",6 Months,"As a Sales and Marketing intern at Gravita India Limited, you will have the opportunity to work closely with our experienced sales and marketing team to drive business growth and maximize revenue. You...",https://internshala.com/internship/detail/sales-and-marketing-internship-in-jaipur-at-gravita-india-limited1776067309,CS,In-Person,Standard Role,General,1
PurpleTalk India Private Limited,Inside Sales,Hyderabad,"₹ 10,000 /month",6 Months,"1. Get trained on tools most people only hear about in LinkedIn posts. We'll put you on LinkedIn Sales Navigator, Apollo.io, Lusha, and Smartlead in your first two weeks. Full training, zero guesswork...",https://internshala.com/internship/detail/inside-sales-internship-in-hyderabad-at-purpletalk-india-private-limited1775818716,CS,In-Person,Standard Role,General,1
VIZON,Software Development,Work from home,"₹ 11,000 - 17,000 /month",3 Months,"As a Software Development Intern at VIZON, you will have the opportunity to immerse yourself in the dynamic world of technology and contribute to cutting-edge projects. With your expertise in C++ Prog...",https://internshala.com/internship/detail/work-from-home-software-development-internship-at-vizon1775608161,CS,Remote,Standard Role,Web,1
VIZON,Social Media Marketing,Work from home,"₹ 12,000 - 20,000 /month",3 Months,"1. Collaborate with our dynamic marketing team to develop and implement cutting-edge social media marketing strategies that drive brand awareness and engagement
2. Utilize your expert knowledge of Ad...",https://internshala.com/internship/detail/work-from-home-social-media-marketing-internship-at-vizon1775607904,CS,Remote,Standard Role,General,1
Zucol Services Private Limited,Human Resources (HR),Jaipur,"₹ 5,500 - 9,500 /month",3 Months,Are you passionate about Human Resources and looking for an exciting opportunity to kickstart your career? Look no further! Zucol Services Private Limited is seeking a talented HR intern who is well-v...,https://internshala.com/internship/detail/human-resources-hr-internship-in-jaipur-at-zucol-services-private-limited1775542027,CS,In-Person,Standard Role,General,1
NoBroker Technologies Solutions Private Limited,Business Development,Bangalore,"₹ 24,000 /month",2 Months,"1. Generate leads via online and offline channels
2. Conduct cold calls to reach potential vendors
3. Manage walk-in vendor inquiries efficiently
4. Understand vendor needs and pitch solutions
5. ...",https://internshala.com/internship/detail/business-development-internship-in-bangalore-at-nobroker-technologies-solutions-private-limited1775493992,CS,In-Person,Standard Role,General,1
CK Birla Healthcare Private Limited,Digital Marketing,Gurgaon,"₹ 18,000 - 18,001 /month",6 Months,"As a Digital Marketing intern at CK Birla Healthcare Private Limited, you will have the exciting opportunity to apply your knowledge of SEO, SEM, Digital Marketing, and Facebook Marketing to drive our...",https://internshala.com/internship/detail/digital-marketing-internship-in-gurgaon-at-ck-birla-healthcare-private-limited1775461085,CS,In-Person,Standard Role,General,1
Shunya Digital,AI Agent Development,Work from home,"₹ 3,100 - 5,001 /month",6 Months,"1. Build and maintain the lead intelligence engine when a prospect fills our home loan calculator, an automated workflow generates a personalised savings report using the Claude API and delivers it to...",https://internshala.com/internship/detail/work-from-home-ai-agent-development-internship-at-shunya-digital1775468274,CS,Remote,Standard Role,General,1
Angel One (AP),Telecaller,Work from home,"₹ 2,000 - 10,000 /month",6 Months,"1. Attending webinar and understanding about the stock market (equity, future, and option)
2. Working on lead generation & searching for people interested in the stock market.
3. Convincing them & a...",https://internshala.com/internship/detail/work-from-home-part-time-telecaller-internship-at-angel-one-ap1775215728,CS,Remote,Standard Role,Finance,1
AIESEC India,Global Volunteering Intern,Top international cities,Unpaid,6 Weeks,"As a Global Volunteer, you will work on social impact projects aligned with one or more Sustainable Development Goals. Volunteers collaborate with local NGOs, educational institutions, and community p...",https://internshala.com/internship/detail/global-volunteering-intern-internship-in-multiple-locations-at-aiesec-india1775133791,CS,In-Person,Standard Role,General,1
AIESEC India,Global Talent Intern,Top international cities,Unpaid,6 Months,"As a Global Talent Intern, you will work with an international organization to contribute to business projects while gaining hands-on professional experience in a global workplace.

You will collabo...",https://internshala.com/internship/detail/global-talent-intern-internship-in-multiple-locations-at-aiesec-india1775133195,CS,In-Person,Standard Role,Data,1
NoBroker Technologies Solutions Private Limited,Sales,"Faridabad, Delhi, Gurgaon, Noida","₹ 8,000 - 20,000 /month",4 Months,"We’re Hiring Sales Interns – NCR Region | NoBrokerHood
Looking to kickstart your career in sales with one of India’s fastest-growing proptech platforms? Here’s your chance!

NoBrokerHood is hiring ...",https://internshala.com/internship/detail/sales-internship-in-multiple-locations-at-nobroker-technologies-solutions-private-limited1774972622,CS,In-Person,Standard Role,General,1
LeapScholar,Campus Ambassador,Jaipur,Performance Based,2 Months,Are you passionate about studying abroad and helping others make their dreams a reality? Leap Scholar is looking for a dynamic and enthusiastic Student Ambassador to join our team! As a Study Abroad S...,https://internshala.com/internship/detail/campus-ambassador-programme-at-leapscholar1774940937,CS,In-Person,Standard Role,General,1
Susa Nuts Private Limited,Digital Marketing,Ludhiana,"₹ 8,000 - 14,000 /month",6 Months,"A. Social media management
1. Handle daily posting on platforms like Instagram, Facebook, and WhatsApp Business
2. Create engaging content (captions, reels ideas, stories)
3. Respond to comments, m...",https://internshala.com/internship/detail/digital-marketing-internship-in-ludhiana-at-susa-nuts-private-limited1774869298,CS,In-Person,Standard Role,General,1
Visual Eyes Films,Social Media Marketing,Hyderabad,"₹ 5,000 - 15,000 /month",6 Months,"1.Content planning
2.Content execution
3.Growth and engagement
4.Lead support from social media...",https://internshala.com/internship/detail/social-media-marketing-internship-in-hyderabad-at-visual-eyes-films1774699845,General / Tech,In-Person,Standard Role,General,1
Web Glaze Services,Tele Sales Coordinator,Delhi,"₹ 5,000 - 10,000 /month",4 Months,"Selected intern's day-to-day responsibilites include:

A. Tele sales and client handling:
1. Making outbound calls to potential and existing customers.
2. Handling inbound inquiries professionally...",https://internshala.com/internship/detail/tele-sales-coordinator-internship-in-delhi-at-web-glaze-services1774700732,CS,In-Person,Standard Role,"Data, Finance",1
Visual Eyes Films,Sales and Marketing,Hyderabad,"₹ 5,000 - 15,000 /month",6 Months,"1.Lead Response & Conversion
2.Follow-Up Engine
3.Outbound Lead Generation Support
4.Appointment Booking
5.CRM & Pipeline Management
6.Sales Support During Closures...",https://internshala.com/internship/detail/sales-and-marketing-internship-in-hyderabad-at-visual-eyes-films1774695141,CS,In-Person,Standard Role,General,1
Plunes Healthcare,Human Resources (HR),Gurgaon,"₹ 15,000 /month",6 Months,"Key Responsibilities

1. Talent Acquisition (Recruitment)
- Sourcing: Identify potential candidates using platforms like LinkedIn, Naukri, and -other job portals.
- Screening: Conduct initial tele...",https://internshala.com/internship/detail/human-resources-hr-internship-in-gurgaon-at-plunes-healthcare1776151175,CS,In-Person,Standard Role,General,1
U-Turn4Nature,Co-Founder,Noida,Competitive stipend,6 Months,Co-Founder(With Investment or Without Investment) Location: Greater Noida/NoidaReporting: SelfAbout Us. U-Turn4Nature is a commendable homemade natural food company that takes pride in producing high-...,https://internshala.com/internship/detail/co-founder-internship-in-noida-at-u-turn4nature1776242951,CS,In-Person,Standard Role,"AI/ML, Data, Finance",1
Radiant Synergy,Web Development,Delhi (Hybrid),"₹ 5,000 - 7,000 /month",2 Months,"We are looking for a talented web development intern to join our team! If you have a strong grasp of HTML, CSS, JavaScript, Bootstrap, and jQuery, this is the perfect opportunity for you to gain real-...",https://internshala.com/internship/detail/web-development-internship-in-delhi-at-pratibha-rajput1776243597,CS,Hybrid,Standard Role,Web,1
NiYO Solutions Incorporation,Business Development (Sales),"Ahmedabad, Chennai, Delhi, Gurgaon, Hyderabad, Mumbai","₹ 15,000 - 20,000 /month",6 Months,"This is a field-based sales and business development internship. You will identify, pitch, onboard and manage B2B channel partners such as student counsellors, travel agents and tour operators, who wi...",https://internshala.com/internship/detail/business-development-sales-internship-in-multiple-locations-at-niyo-solutions-incorporation1776227548,CS,In-Person,Standard Role,General,1
EChargeup Solutions Private Limited,Inside Sales,Delhi,"₹ 10,000 - 12,000 /month",3 Months,"• Lead calling & follow-ups
• Convert prospects into customers
• Support B2C & B2B sales
• Sales operations & customer support
• Maintain lead data...",https://internshala.com/internship/detail/inside-sales-internship-in-delhi-at-echargeup-solutions-private-limited1776332968,CS,In-Person,Standard Role,General,1
Godani Bansal & Co.,CA Articleship,Noida,"₹ 8,500 - 10,000 /month",24 Months,"We are looking for a dynamic CA Articleship intern to join our team at Godani Bansal & Co. As an intern, you will have the opportunity to work on various projects related to MS-Office, statutory compl...",https://internshala.com/internship/detail/ca-articleship-internship-in-noida-at-godani-bansal-co1776334811,CS,In-Person,Standard Role,Backend,1
Times Internet,Sales and Presales,Noida,"₹ 15,000 - 30,000 /month",3 Months,"1. Vet leads.
2. Create and deliver presentations.
3. Attend and manage client meetings....",https://internshala.com/internship/detail/sales-and-presales-internship-in-noida-at-times-internet1776170460,General / Tech,In-Person,Standard Role,General,1
S. RAJWANSHI AND CO.,Company Secretary (CS),Delhi,"₹ 5,000 - 7,000 /month",6 Months,"A. Draft legal documents.
1. Assist in drafting minutes of meetings, board resolutions, and other legal documents as required by the company.
2. Ensure the accuracy and legal soundness of drafted ma...",https://internshala.com/internship/detail/company-secretary-cs-internship-in-delhi-at-s-rajwanshi-and-co1776401731,Pure Research,In-Person,Standard Role,General,1
Abhimanyu  Singhal,Content and Social Media Marketing,Faridabad,"₹ 7,000 - 25,000 /month",2 Months,"As a Content and Social Media Marketing intern at Abhimanyu Singhal company, you will have the opportunity to showcase your creative skills and knowledge of Canva and Artificial Intelligence. Your res...",https://internshala.com/internship/detail/content-and-social-media-marketing-internship-in-faridabad-at-abhimanyu-singhal1776174871,CS,In-Person,Standard Role,General,1
Suraasa,Talent Acquisition,Noida (Hybrid),"₹ 13,000 - 15,000 /month",3 Months,"• Source candidates from job portals (Naukri, LinkedIn, Internshala, etc.) using keywords, filters and Boolean search.
• Screen resumes to shortlist relevant candidates based on hiring requirements....",https://internshala.com/internship/detail/talent-acquisition-internship-in-noida-at-suraasa1776318087,CS,Hybrid,Standard Role,General,1
HBG Medical Assistance Private Limited,Content Writing,Gurgaon,"₹ 10,000 - 15,000 /month",3 Months,"As a Content Writing intern at HBG Medical Assistance Private Limited, you will have the exciting opportunity to showcase your skills in SEO, blogging, creative writing, and English proficiency while ...",https://internshala.com/internship/detail/content-writing-internship-in-gurgaon-at-hbg-medical-assistance-private-limited1776264408,CS,In-Person,Standard Role,Data,1
Karakbit,Business Development (Sales),"Dehradun, Delhi (Hybrid)","₹ 6,000 /month",3 Months,"We are hiring self-driven Independent Business Development Interns to drive student onboarding and subscription revenue for Karakbit, a platform built for K12 students.
This role involves working on-...",https://internshala.com/internship/detail/business-development-sales-internship-in-multiple-locations-at-karakbit1776413559,CS,Hybrid,Standard Role,General,1
SHRI Sohang IT Solutions,Telecalling,Delhi,"₹ 8,000 - 17,000 /month",6 Months,"As a Telecalling intern at SHRI Sohang IT Solutions, you will have the exciting opportunity to gain hands-on experience in lead generation, sales, and effective communication. Your role will involve r...",https://internshala.com/internship/detail/telecalling-internship-in-delhi-at-shri-sohang-it-solutions1776418698,CS,In-Person,Standard Role,"Data, Finance",1
Offbeat Trip,Digital Marketing,Delhi,"₹ 7,000 - 10,000 /month",6 Months,"Join our dynamic team as a digital marketing intern at Offbeat Trip Company! We are seeking a motivated individual with knowledge in SEM, social media marketing, SEO, creative writing, Instagram and F...",https://internshala.com/internship/detail/digital-marketing-internship-in-delhi-at-offbeat-trip1776426336,CS,In-Person,Standard Role,General,1
